<?xml version="1.0" encoding="UTF-8"?>
<config xmlns="http://www.knime.org/2008/09/XMLConfig" xmlns:xsi="http://www.w3.org/2001/XMLSchema-instance" xsi:schemaLocation="http://www.knime.org/2008/09/XMLConfig http://www.knime.org/XMLConfig_2008_09.xsd" key="model.xml">
<entry key="version" type="xint" value="1"/>
<entry key="class_name" type="xstring" value="org.knime.base.data.normalize.NormalizerPortObject"/>
<config key="model">
<config key="columns">
<config key="AGE">
<entry key="column_name" type="xstring" value="AGE"/>
<entry key="column_scale" type="xdouble" value="0.009345794392523364"/>
<entry key="column_translate" type="xdouble" value="-0.07476635514018691"/>
<entry key="column_min" type="xdouble" value="0.0"/>
<entry key="column_max" type="xdouble" value="1.0"/>
</config>
<config key="MONTH">
<entry key="column_name" type="xstring" value="MONTH"/>
<entry key="column_scale" type="xdouble" value="0.14285714285714285"/>
<entry key="column_translate" type="xdouble" value="-0.5714285714285714"/>
<entry key="column_min" type="xdouble" value="0.0"/>
<entry key="column_max" type="xdouble" value="1.0"/>
</config>
<config key="HEADLEN">
<entry key="column_name" type="xstring" value="HEADLEN"/>
<entry key="column_scale" type="xdouble" value="0.125"/>
<entry key="column_translate" type="xdouble" value="-1.125"/>
<entry key="column_min" type="xdouble" value="0.0"/>
<entry key="column_max" type="xdouble" value="1.0"/>
</config>
<config key="HEADWTH">
<entry key="column_name" type="xstring" value="HEADWTH"/>
<entry key="column_scale" type="xdouble" value="0.16666666666666666"/>
<entry key="column_translate" type="xdouble" value="-0.6666666666666666"/>
<entry key="column_min" type="xdouble" value="0.0"/>
<entry key="column_max" type="xdouble" value="1.0"/>
</config>
<config key="NECK">
<entry key="column_name" type="xstring" value="NECK"/>
<entry key="column_scale" type="xdouble" value="0.046511627906976744"/>
<entry key="column_translate" type="xdouble" value="-0.46511627906976744"/>
<entry key="column_min" type="xdouble" value="0.0"/>
<entry key="column_max" type="xdouble" value="1.0"/>
</config>
<config key="LENGTH">
<entry key="column_name" type="xstring" value="LENGTH"/>
<entry key="column_scale" type="xdouble" value="0.024691358024691357"/>
<entry key="column_translate" type="xdouble" value="-0.8888888888888888"/>
<entry key="column_min" type="xdouble" value="0.0"/>
<entry key="column_max" type="xdouble" value="1.0"/>
</config>
<config key="CHEST">
<entry key="column_name" type="xstring" value="CHEST"/>
<entry key="column_scale" type="xdouble" value="0.027777777777777776"/>
<entry key="column_translate" type="xdouble" value="-0.5277777777777778"/>
<entry key="column_min" type="xdouble" value="0.0"/>
<entry key="column_max" type="xdouble" value="1.0"/>
</config>
<config key="WEIGHT">
<entry key="column_name" type="xstring" value="WEIGHT"/>
<entry key="column_scale" type="xdouble" value="0.0020491803278688526"/>
<entry key="column_translate" type="xdouble" value="-0.05327868852459017"/>
<entry key="column_min" type="xdouble" value="0.0"/>
<entry key="column_max" type="xdouble" value="1.0"/>
</config>
<config key="imc">
<entry key="column_name" type="xstring" value="imc"/>
<entry key="column_scale" type="xdouble" value="13.148879574399485"/>
<entry key="column_translate" type="xdouble" value="-0.2015153957762373"/>
<entry key="column_min" type="xdouble" value="0.0"/>
<entry key="column_max" type="xdouble" value="1.0"/>
</config>
</config>
<entry key="summary" type="xstring" value="Min/Max (0.0, 1) normalization on 9 column(s)"/>
</config>
</config>
