<?xml version="1.0" encoding="UTF-8"?>
<config xmlns="http://www.knime.org/2008/09/XMLConfig" xmlns:xsi="http://www.w3.org/2001/XMLSchema-instance" xsi:schemaLocation="http://www.knime.org/2008/09/XMLConfig http://www.knime.org/XMLConfig_2008_09.xsd" key="model.xml">
<entry key="version" type="xint" value="1"/>
<entry key="class_name" type="xstring" value="org.knime.base.node.mine.bfn.fuzzy.FuzzyBasisFunctionPortObject"/>
<config key="model">
<config key="rules">
<config key="Rule_1">
<entry key="row_id" type="xstring" value="Rule_1"/>
<config key="class_label">
<entry key="datacell" type="xstring" value="org.knime.core.data.def.StringCell"/>
<config key="org.knime.core.data.def.StringCell">
<entry key="StringCell" type="xstring" value="Iris-setosa"/>
</config>
</config>
<entry key="dont_know_class" type="xdouble" value="0.0"/>
<entry key="correct_covered" type="xint" value="46"/>
<entry key="wrong_covered" type="xint" value="0"/>
<entry key="within-cluster_variance" type="xdouble" value="2.2500000000000004"/>
<entry key="norm" type="xint" value="0"/>
<config key="membership_functions">
<config key="0">
<entry key="is_missing" type="xboolean" value="false"/>
<entry key="min" type="xdouble" value="1.0"/>
<entry key="max" type="xdouble" value="6.9"/>
<entry key="is_support_left_max" type="xboolean" value="true"/>
<entry key="core_left" type="xdouble" value="1.0"/>
<entry key="anchor" type="xdouble" value="1.4"/>
<entry key="core_right" type="xdouble" value="1.9"/>
<entry key="is_support_right_max" type="xboolean" value="false"/>
<entry key="support_right" type="xdouble" value="3.0"/>
</config>
<config key="1">
<entry key="is_missing" type="xboolean" value="false"/>
<entry key="min" type="xdouble" value="0.1"/>
<entry key="max" type="xdouble" value="2.5"/>
<entry key="is_support_left_max" type="xboolean" value="true"/>
<entry key="core_left" type="xdouble" value="0.1"/>
<entry key="anchor" type="xdouble" value="0.2"/>
<entry key="core_right" type="xdouble" value="0.6"/>
<entry key="is_support_right_max" type="xboolean" value="true"/>
</config>
</config>
</config>
<config key="Rule_2">
<entry key="row_id" type="xstring" value="Rule_2"/>
<config key="class_label">
<entry key="datacell" type="xstring" value="org.knime.core.data.def.StringCell"/>
<config key="org.knime.core.data.def.StringCell">
<entry key="StringCell" type="xstring" value="Iris-versicolor"/>
</config>
</config>
<entry key="dont_know_class" type="xdouble" value="0.0"/>
<entry key="correct_covered" type="xint" value="43"/>
<entry key="wrong_covered" type="xint" value="0"/>
<entry key="within-cluster_variance" type="xdouble" value="20.850000000000012"/>
<entry key="norm" type="xint" value="0"/>
<config key="membership_functions">
<config key="0">
<entry key="is_missing" type="xboolean" value="false"/>
<entry key="min" type="xdouble" value="1.0"/>
<entry key="max" type="xdouble" value="6.9"/>
<entry key="is_support_left_max" type="xboolean" value="true"/>
<entry key="core_left" type="xdouble" value="3.0"/>
<entry key="anchor" type="xdouble" value="4.7"/>
<entry key="core_right" type="xdouble" value="4.9"/>
<entry key="is_support_right_max" type="xboolean" value="false"/>
<entry key="support_right" type="xdouble" value="5.0"/>
</config>
<config key="1">
<entry key="is_missing" type="xboolean" value="false"/>
<entry key="min" type="xdouble" value="0.1"/>
<entry key="max" type="xdouble" value="2.5"/>
<entry key="is_support_left_max" type="xboolean" value="false"/>
<entry key="support_left" type="xdouble" value="0.6"/>
<entry key="core_left" type="xdouble" value="1.0"/>
<entry key="anchor" type="xdouble" value="1.4"/>
<entry key="core_right" type="xdouble" value="1.6"/>
<entry key="is_support_right_max" type="xboolean" value="false"/>
<entry key="support_right" type="xdouble" value="1.7"/>
</config>
</config>
</config>
<config key="Rule_5">
<entry key="row_id" type="xstring" value="Rule_5"/>
<config key="class_label">
<entry key="datacell" type="xstring" value="org.knime.core.data.def.StringCell"/>
<config key="org.knime.core.data.def.StringCell">
<entry key="StringCell" type="xstring" value="Iris-versicolor"/>
</config>
</config>
<entry key="dont_know_class" type="xdouble" value="0.0"/>
<entry key="correct_covered" type="xint" value="1"/>
<entry key="wrong_covered" type="xint" value="0"/>
<entry key="within-cluster_variance" type="xdouble" value="0.0"/>
<entry key="norm" type="xint" value="0"/>
<config key="membership_functions">
<config key="0">
<entry key="is_missing" type="xboolean" value="false"/>
<entry key="min" type="xdouble" value="1.0"/>
<entry key="max" type="xdouble" value="6.9"/>
<entry key="is_support_left_max" type="xboolean" value="false"/>
<entry key="support_left" type="xdouble" value="4.5"/>
<entry key="core_left" type="xdouble" value="4.8"/>
<entry key="anchor" type="xdouble" value="4.8"/>
<entry key="core_right" type="xdouble" value="4.8"/>
<entry key="is_support_right_max" type="xboolean" value="false"/>
<entry key="support_right" type="xdouble" value="4.9"/>
</config>
<config key="1">
<entry key="is_missing" type="xboolean" value="false"/>
<entry key="min" type="xdouble" value="0.1"/>
<entry key="max" type="xdouble" value="2.5"/>
<entry key="is_support_left_max" type="xboolean" value="false"/>
<entry key="support_left" type="xdouble" value="1.5"/>
<entry key="core_left" type="xdouble" value="1.8"/>
<entry key="anchor" type="xdouble" value="1.8"/>
<entry key="core_right" type="xdouble" value="1.8"/>
<entry key="is_support_right_max" type="xboolean" value="false"/>
<entry key="support_right" type="xdouble" value="1.9"/>
</config>
</config>
</config>
<config key="Rule_8">
<entry key="row_id" type="xstring" value="Rule_8"/>
<config key="class_label">
<entry key="datacell" type="xstring" value="org.knime.core.data.def.StringCell"/>
<config key="org.knime.core.data.def.StringCell">
<entry key="StringCell" type="xstring" value="Iris-versicolor"/>
</config>
</config>
<entry key="dont_know_class" type="xdouble" value="0.0"/>
<entry key="correct_covered" type="xint" value="2"/>
<entry key="wrong_covered" type="xint" value="0"/>
<entry key="within-cluster_variance" type="xdouble" value="0.019999999999999907"/>
<entry key="norm" type="xint" value="0"/>
<config key="membership_functions">
<config key="0">
<entry key="is_missing" type="xboolean" value="false"/>
<entry key="min" type="xdouble" value="1.0"/>
<entry key="max" type="xdouble" value="6.9"/>
<entry key="is_support_left_max" type="xboolean" value="false"/>
<entry key="support_left" type="xdouble" value="4.9"/>
<entry key="core_left" type="xdouble" value="5.0"/>
<entry key="anchor" type="xdouble" value="5.0"/>
<entry key="core_right" type="xdouble" value="5.1"/>
<entry key="is_support_right_max" type="xboolean" value="false"/>
<entry key="support_right" type="xdouble" value="5.5"/>
</config>
<config key="1">
<entry key="is_missing" type="xboolean" value="false"/>
<entry key="min" type="xdouble" value="0.1"/>
<entry key="max" type="xdouble" value="2.5"/>
<entry key="is_support_left_max" type="xboolean" value="false"/>
<entry key="support_left" type="xdouble" value="1.5"/>
<entry key="core_left" type="xdouble" value="1.6"/>
<entry key="anchor" type="xdouble" value="1.7"/>
<entry key="core_right" type="xdouble" value="1.7"/>
<entry key="is_support_right_max" type="xboolean" value="false"/>
<entry key="support_right" type="xdouble" value="1.8"/>
</config>
</config>
</config>
<config key="Rule_3">
<entry key="row_id" type="xstring" value="Rule_3"/>
<config key="class_label">
<entry key="datacell" type="xstring" value="org.knime.core.data.def.StringCell"/>
<config key="org.knime.core.data.def.StringCell">
<entry key="StringCell" type="xstring" value="Iris-virginica"/>
</config>
</config>
<entry key="dont_know_class" type="xdouble" value="0.0"/>
<entry key="correct_covered" type="xint" value="30"/>
<entry key="wrong_covered" type="xint" value="0"/>
<entry key="within-cluster_variance" type="xdouble" value="16.340000000000003"/>
<entry key="norm" type="xint" value="0"/>
<config key="membership_functions">
<config key="0">
<entry key="is_missing" type="xboolean" value="false"/>
<entry key="min" type="xdouble" value="1.0"/>
<entry key="max" type="xdouble" value="6.9"/>
<entry key="is_support_left_max" type="xboolean" value="true"/>
<entry key="core_left" type="xdouble" value="4.9"/>
<entry key="anchor" type="xdouble" value="6.0"/>
<entry key="core_right" type="xdouble" value="6.9"/>
<entry key="is_support_right_max" type="xboolean" value="true"/>
</config>
<config key="1">
<entry key="is_missing" type="xboolean" value="false"/>
<entry key="min" type="xdouble" value="0.1"/>
<entry key="max" type="xdouble" value="2.5"/>
<entry key="is_support_left_max" type="xboolean" value="false"/>
<entry key="support_left" type="xdouble" value="1.8"/>
<entry key="core_left" type="xdouble" value="1.9"/>
<entry key="anchor" type="xdouble" value="2.5"/>
<entry key="core_right" type="xdouble" value="2.5"/>
<entry key="is_support_right_max" type="xboolean" value="true"/>
</config>
</config>
</config>
<config key="Rule_4">
<entry key="row_id" type="xstring" value="Rule_4"/>
<config key="class_label">
<entry key="datacell" type="xstring" value="org.knime.core.data.def.StringCell"/>
<config key="org.knime.core.data.def.StringCell">
<entry key="StringCell" type="xstring" value="Iris-virginica"/>
</config>
</config>
<entry key="dont_know_class" type="xdouble" value="0.0"/>
<entry key="correct_covered" type="xint" value="8"/>
<entry key="wrong_covered" type="xint" value="0"/>
<entry key="within-cluster_variance" type="xdouble" value="1.7500000000000016"/>
<entry key="norm" type="xint" value="0"/>
<config key="membership_functions">
<config key="0">
<entry key="is_missing" type="xboolean" value="false"/>
<entry key="min" type="xdouble" value="1.0"/>
<entry key="max" type="xdouble" value="6.9"/>
<entry key="is_support_left_max" type="xboolean" value="false"/>
<entry key="support_left" type="xdouble" value="5.1"/>
<entry key="core_left" type="xdouble" value="5.5"/>
<entry key="anchor" type="xdouble" value="5.6"/>
<entry key="core_right" type="xdouble" value="6.3"/>
<entry key="is_support_right_max" type="xboolean" value="true"/>
</config>
<config key="1">
<entry key="is_missing" type="xboolean" value="false"/>
<entry key="min" type="xdouble" value="0.1"/>
<entry key="max" type="xdouble" value="2.5"/>
<entry key="is_support_left_max" type="xboolean" value="false"/>
<entry key="support_left" type="xdouble" value="0.2"/>
<entry key="core_left" type="xdouble" value="1.4"/>
<entry key="anchor" type="xdouble" value="1.4"/>
<entry key="core_right" type="xdouble" value="1.8"/>
<entry key="is_support_right_max" type="xboolean" value="true"/>
</config>
</config>
</config>
<config key="Rule_6">
<entry key="row_id" type="xstring" value="Rule_6"/>
<config key="class_label">
<entry key="datacell" type="xstring" value="org.knime.core.data.def.StringCell"/>
<config key="org.knime.core.data.def.StringCell">
<entry key="StringCell" type="xstring" value="Iris-virginica"/>
</config>
</config>
<entry key="dont_know_class" type="xdouble" value="0.0"/>
<entry key="correct_covered" type="xint" value="1"/>
<entry key="wrong_covered" type="xint" value="0"/>
<entry key="within-cluster_variance" type="xdouble" value="0.0"/>
<entry key="norm" type="xint" value="0"/>
<config key="membership_functions">
<config key="0">
<entry key="is_missing" type="xboolean" value="false"/>
<entry key="min" type="xdouble" value="1.0"/>
<entry key="max" type="xdouble" value="6.9"/>
<entry key="is_support_left_max" type="xboolean" value="true"/>
<entry key="core_left" type="xdouble" value="4.5"/>
<entry key="anchor" type="xdouble" value="4.5"/>
<entry key="core_right" type="xdouble" value="4.5"/>
<entry key="is_support_right_max" type="xboolean" value="false"/>
<entry key="support_right" type="xdouble" value="5.0"/>
</config>
<config key="1">
<entry key="is_missing" type="xboolean" value="false"/>
<entry key="min" type="xdouble" value="0.1"/>
<entry key="max" type="xdouble" value="2.5"/>
<entry key="is_support_left_max" type="xboolean" value="false"/>
<entry key="support_left" type="xdouble" value="1.6"/>
<entry key="core_left" type="xdouble" value="1.7"/>
<entry key="anchor" type="xdouble" value="1.7"/>
<entry key="core_right" type="xdouble" value="1.7"/>
<entry key="is_support_right_max" type="xboolean" value="false"/>
<entry key="support_right" type="xdouble" value="1.8"/>
</config>
</config>
</config>
<config key="Rule_7">
<entry key="row_id" type="xstring" value="Rule_7"/>
<config key="class_label">
<entry key="datacell" type="xstring" value="org.knime.core.data.def.StringCell"/>
<config key="org.knime.core.data.def.StringCell">
<entry key="StringCell" type="xstring" value="Iris-virginica"/>
</config>
</config>
<entry key="dont_know_class" type="xdouble" value="0.0"/>
<entry key="correct_covered" type="xint" value="2"/>
<entry key="wrong_covered" type="xint" value="0"/>
<entry key="within-cluster_variance" type="xdouble" value="0.039999999999999716"/>
<entry key="norm" type="xint" value="0"/>
<config key="membership_functions">
<config key="0">
<entry key="is_missing" type="xboolean" value="false"/>
<entry key="min" type="xdouble" value="1.0"/>
<entry key="max" type="xdouble" value="6.9"/>
<entry key="is_support_left_max" type="xboolean" value="false"/>
<entry key="support_left" type="xdouble" value="4.8"/>
<entry key="core_left" type="xdouble" value="4.9"/>
<entry key="anchor" type="xdouble" value="4.9"/>
<entry key="core_right" type="xdouble" value="5.1"/>
<entry key="is_support_right_max" type="xboolean" value="true"/>
</config>
<config key="1">
<entry key="is_missing" type="xboolean" value="false"/>
<entry key="min" type="xdouble" value="0.1"/>
<entry key="max" type="xdouble" value="2.5"/>
<entry key="is_support_left_max" type="xboolean" value="false"/>
<entry key="support_left" type="xdouble" value="1.7"/>
<entry key="core_left" type="xdouble" value="1.8"/>
<entry key="anchor" type="xdouble" value="1.8"/>
<entry key="core_right" type="xdouble" value="1.8"/>
<entry key="is_support_right_max" type="xboolean" value="true"/>
</config>
</config>
</config>
<config key="Rule_9">
<entry key="row_id" type="xstring" value="Rule_9"/>
<config key="class_label">
<entry key="datacell" type="xstring" value="org.knime.core.data.def.StringCell"/>
<config key="org.knime.core.data.def.StringCell">
<entry key="StringCell" type="xstring" value="Iris-virginica"/>
</config>
</config>
<entry key="dont_know_class" type="xdouble" value="0.0"/>
<entry key="correct_covered" type="xint" value="2"/>
<entry key="wrong_covered" type="xint" value="0"/>
<entry key="within-cluster_variance" type="xdouble" value="0.009999999999999929"/>
<entry key="norm" type="xint" value="0"/>
<config key="membership_functions">
<config key="0">
<entry key="is_missing" type="xboolean" value="false"/>
<entry key="min" type="xdouble" value="1.0"/>
<entry key="max" type="xdouble" value="6.9"/>
<entry key="is_support_left_max" type="xboolean" value="false"/>
<entry key="support_left" type="xdouble" value="4.9"/>
<entry key="core_left" type="xdouble" value="5.0"/>
<entry key="anchor" type="xdouble" value="5.0"/>
<entry key="core_right" type="xdouble" value="5.1"/>
<entry key="is_support_right_max" type="xboolean" value="true"/>
</config>
<config key="1">
<entry key="is_missing" type="xboolean" value="false"/>
<entry key="min" type="xdouble" value="0.1"/>
<entry key="max" type="xdouble" value="2.5"/>
<entry key="is_support_left_max" type="xboolean" value="false"/>
<entry key="support_left" type="xdouble" value="1.4"/>
<entry key="core_left" type="xdouble" value="1.5"/>
<entry key="anchor" type="xdouble" value="1.5"/>
<entry key="core_right" type="xdouble" value="1.5"/>
<entry key="is_support_right_max" type="xboolean" value="false"/>
<entry key="support_right" type="xdouble" value="1.6"/>
</config>
</config>
</config>
</config>
<config key="model_spec">
<config key="petal length">
<entry key="column_name" type="xstring" value="petal length"/>
<config key="element_names">
<entry key="array-size" type="xint" value="0"/>
</config>
<config key="column_type">
<entry key="cell_class" type="xstring" value="org.knime.core.data.def.FuzzyIntervalCell"/>
</config>
<config key="column_domain">
<config key="lower_bound">
<entry key="datacell" type="xstring" value="org.knime.core.data.def.DoubleCell"/>
<config key="org.knime.core.data.def.DoubleCell">
<entry key="DoubleCell" type="xdouble" value="1.0"/>
</config>
</config>
<config key="upper_bound">
<entry key="datacell" type="xstring" value="org.knime.core.data.def.DoubleCell"/>
<config key="org.knime.core.data.def.DoubleCell">
<entry key="DoubleCell" type="xdouble" value="6.9"/>
</config>
</config>
</config>
<config key="column_properties"/>
</config>
<config key="petal width">
<entry key="column_name" type="xstring" value="petal width"/>
<config key="element_names">
<entry key="array-size" type="xint" value="0"/>
</config>
<config key="column_type">
<entry key="cell_class" type="xstring" value="org.knime.core.data.def.FuzzyIntervalCell"/>
</config>
<config key="column_domain">
<config key="lower_bound">
<entry key="datacell" type="xstring" value="org.knime.core.data.def.DoubleCell"/>
<config key="org.knime.core.data.def.DoubleCell">
<entry key="DoubleCell" type="xdouble" value="0.1"/>
</config>
</config>
<config key="upper_bound">
<entry key="datacell" type="xstring" value="org.knime.core.data.def.DoubleCell"/>
<config key="org.knime.core.data.def.DoubleCell">
<entry key="DoubleCell" type="xdouble" value="2.5"/>
</config>
</config>
</config>
<config key="column_properties"/>
</config>
<config key="class">
<entry key="column_name" type="xstring" value="class"/>
<config key="element_names">
<entry key="array-size" type="xint" value="0"/>
</config>
<config key="column_type">
<entry key="cell_class" type="xstring" value="org.knime.core.data.def.StringCell"/>
</config>
<config key="column_domain">
<config key="possible_values">
<entry key="array-size" type="xint" value="3"/>
<config key="0">
<entry key="datacell" type="xstring" value="org.knime.core.data.def.StringCell"/>
<config key="org.knime.core.data.def.StringCell">
<entry key="StringCell" type="xstring" value="Iris-setosa"/>
</config>
</config>
<config key="1">
<entry key="datacell" type="xstring" value="org.knime.core.data.def.StringCell"/>
<config key="org.knime.core.data.def.StringCell">
<entry key="StringCell" type="xstring" value="Iris-versicolor"/>
</config>
</config>
<config key="2">
<entry key="datacell" type="xstring" value="org.knime.core.data.def.StringCell"/>
<config key="org.knime.core.data.def.StringCell">
<entry key="StringCell" type="xstring" value="Iris-virginica"/>
</config>
</config>
</config>
</config>
<config key="column_properties"/>
</config>
<config key="Weight">
<entry key="column_name" type="xstring" value="Weight"/>
<config key="element_names">
<entry key="array-size" type="xint" value="0"/>
</config>
<config key="column_type">
<entry key="cell_class" type="xstring" value="org.knime.core.data.def.IntCell"/>
</config>
<config key="column_domain"/>
<config key="column_properties"/>
</config>
<config key="Spread">
<entry key="column_name" type="xstring" value="Spread"/>
<config key="element_names">
<entry key="array-size" type="xint" value="0"/>
</config>
<config key="column_type">
<entry key="cell_class" type="xstring" value="org.knime.core.data.def.DoubleCell"/>
</config>
<config key="column_domain"/>
<config key="column_properties"/>
</config>
<config key="Features">
<entry key="column_name" type="xstring" value="Features"/>
<config key="element_names">
<entry key="array-size" type="xint" value="0"/>
</config>
<config key="column_type">
<entry key="cell_class" type="xstring" value="org.knime.core.data.def.IntCell"/>
</config>
<config key="column_domain"/>
<config key="column_properties"/>
</config>
<config key="Variance">
<entry key="column_name" type="xstring" value="Variance"/>
<config key="element_names">
<entry key="array-size" type="xint" value="0"/>
</config>
<config key="column_type">
<entry key="cell_class" type="xstring" value="org.knime.core.data.def.DoubleCell"/>
</config>
<config key="column_domain"/>
<config key="column_properties"/>
</config>
</config>
</config>
</config>
